email_address,first_name,last_name,course_id,grade,marks
student0@mycsu.edu,First0,Last0,DATA200,A,60
student1@mycsu.edu,First1,Last1,DATA200,C,61
student2@mycsu.edu,First2,Last2,DATA200,A,62
student3@mycsu.edu,First3,Last3,DATA200,A,63
student4@mycsu.edu,First4,Last4,DATA200,A,64
student5@mycsu.edu,First5,Last5,DATA200,A,65
student6@mycsu.edu,First6,Last6,DATA200,A,66
student7@mycsu.edu,First7,Last7,DATA200,A,67
student8@mycsu.edu,First8,Last8,DATA200,A,68
student9@mycsu.edu,First9,Last9,DATA200,A,69
student10@mycsu.edu,First10,Last10,DATA200,A,70
student11@mycsu.edu,First11,Last11,DATA200,A,71
student12@mycsu.edu,First12,Last12,DATA200,A,72
student13@mycsu.edu,First13,Last13,DATA200,A,73
student14@mycsu.edu,First14,Last14,DATA200,A,74
student15@mycsu.edu,First15,Last15,DATA200,A,75
student16@mycsu.edu,First16,Last16,DATA200,A,76
student17@mycsu.edu,First17,Last17,DATA200,A,77
student18@mycsu.edu,First18,Last18,DATA200,A,78
student19@mycsu.edu,First19,Last19,DATA200,A,79
student20@mycsu.edu,First20,Last20,DATA200,A,80
student21@mycsu.edu,First21,Last21,DATA200,A,81
student22@mycsu.edu,First22,Last22,DATA200,A,82
student23@mycsu.edu,First23,Last23,DATA200,A,83
student24@mycsu.edu,First24,Last24,DATA200,A,84
student25@mycsu.edu,First25,Last25,DATA200,A,85
student26@mycsu.edu,First26,Last26,DATA200,A,86
student27@mycsu.edu,First27,Last27,DATA200,A,87
student28@mycsu.edu,First28,Last28,DATA200,A,88
student29@mycsu.edu,First29,Last29,DATA200,A,89
student30@mycsu.edu,First30,Last30,DATA200,A,90
student31@mycsu.edu,First31,Last31,DATA200,A,91
student32@mycsu.edu,First32,Last32,DATA200,A,92
student33@mycsu.edu,First33,Last33,DATA200,A,93
student34@mycsu.edu,First34,Last34,DATA200,A,94
student35@mycsu.edu,First35,Last35,DATA200,A,95
student36@mycsu.edu,First36,Last36,DATA200,A,96
student37@mycsu.edu,First37,Last37,DATA200,A,97
student38@mycsu.edu,First38,Last38,DATA200,A,98
student39@mycsu.edu,First39,Last39,DATA200,A,99
student40@mycsu.edu,First40,Last40,DATA200,A,60
student41@mycsu.edu,First41,Last41,DATA200,A,61
student42@mycsu.edu,First42,Last42,DATA200,A,62
student43@mycsu.edu,First43,Last43,DATA200,A,63
student44@mycsu.edu,First44,Last44,DATA200,A,64
student45@mycsu.edu,First45,Last45,DATA200,A,65
student46@mycsu.edu,First46,Last46,DATA200,A,66
student47@mycsu.edu,First47,Last47,DATA200,A,67
student48@mycsu.edu,First48,Last48,DATA200,A,68
student49@mycsu.edu,First49,Last49,DATA200,A,69
student50@mycsu.edu,First50,Last50,DATA200,A,70
student51@mycsu.edu,First51,Last51,DATA200,A,71
student52@mycsu.edu,First52,Last52,DATA200,A,72
student53@mycsu.edu,First53,Last53,DATA200,A,73
student54@mycsu.edu,First54,Last54,DATA200,A,74
student55@mycsu.edu,First55,Last55,DATA200,A,75
student56@mycsu.edu,First56,Last56,DATA200,A,76
student57@mycsu.edu,First57,Last57,DATA200,A,77
student58@mycsu.edu,First58,Last58,DATA200,A,78
student59@mycsu.edu,First59,Last59,DATA200,A,79
student60@mycsu.edu,First60,Last60,DATA200,A,80
student61@mycsu.edu,First61,Last61,DATA200,A,81
student62@mycsu.edu,First62,Last62,DATA200,A,82
student63@mycsu.edu,First63,Last63,DATA200,A,83
student64@mycsu.edu,First64,Last64,DATA200,A,84
student65@mycsu.edu,First65,Last65,DATA200,A,85
student66@mycsu.edu,First66,Last66,DATA200,A,86
student67@mycsu.edu,First67,Last67,DATA200,A,87
student68@mycsu.edu,First68,Last68,DATA200,A,88
student69@mycsu.edu,First69,Last69,DATA200,A,89
student70@mycsu.edu,First70,Last70,DATA200,A,90
student71@mycsu.edu,First71,Last71,DATA200,A,91
student72@mycsu.edu,First72,Last72,DATA200,A,92
student73@mycsu.edu,First73,Last73,DATA200,A,93
student74@mycsu.edu,First74,Last74,DATA200,A,94
student75@mycsu.edu,First75,Last75,DATA200,A,95
student76@mycsu.edu,First76,Last76,DATA200,A,96
student77@mycsu.edu,First77,Last77,DATA200,A,97
student78@mycsu.edu,First78,Last78,DATA200,A,98
student79@mycsu.edu,First79,Last79,DATA200,A,99
student80@mycsu.edu,First80,Last80,DATA200,A,60
student81@mycsu.edu,First81,Last81,DATA200,A,61
student82@mycsu.edu,First82,Last82,DATA200,A,62
student83@mycsu.edu,First83,Last83,DATA200,A,63
student84@mycsu.edu,First84,Last84,DATA200,A,64
student85@mycsu.edu,First85,Last85,DATA200,A,65
student86@mycsu.edu,First86,Last86,DATA200,A,66
student87@mycsu.edu,First87,Last87,DATA200,A,67
student88@mycsu.edu,First88,Last88,DATA200,A,68
student89@mycsu.edu,First89,Last89,DATA200,A,69
student90@mycsu.edu,First90,Last90,DATA200,A,70
student91@mycsu.edu,First91,Last91,DATA200,A,71
student92@mycsu.edu,First92,Last92,DATA200,A,72
student93@mycsu.edu,First93,Last93,DATA200,A,73
student94@mycsu.edu,First94,Last94,DATA200,A,74
student95@mycsu.edu,First95,Last95,DATA200,A,75
student96@mycsu.edu,First96,Last96,DATA200,A,76
student97@mycsu.edu,First97,Last97,DATA200,A,77
student98@mycsu.edu,First98,Last98,DATA200,A,78
student99@mycsu.edu,First99,Last99,DATA200,A,79
student100@mycsu.edu,First100,Last100,DATA200,A,80
student101@mycsu.edu,First101,Last101,DATA200,A,81
student102@mycsu.edu,First102,Last102,DATA200,A,82
student103@mycsu.edu,First103,Last103,DATA200,A,83
student104@mycsu.edu,First104,Last104,DATA200,A,84
student105@mycsu.edu,First105,Last105,DATA200,A,85
student106@mycsu.edu,First106,Last106,DATA200,A,86
student107@mycsu.edu,First107,Last107,DATA200,A,87
student108@mycsu.edu,First108,Last108,DATA200,A,88
student109@mycsu.edu,First109,Last109,DATA200,A,89
student110@mycsu.edu,First110,Last110,DATA200,A,90
student111@mycsu.edu,First111,Last111,DATA200,A,91
student112@mycsu.edu,First112,Last112,DATA200,A,92
student113@mycsu.edu,First113,Last113,DATA200,A,93
student114@mycsu.edu,First114,Last114,DATA200,A,94
student115@mycsu.edu,First115,Last115,DATA200,A,95
student116@mycsu.edu,First116,Last116,DATA200,A,96
student117@mycsu.edu,First117,Last117,DATA200,A,97
student118@mycsu.edu,First118,Last118,DATA200,A,98
student119@mycsu.edu,First119,Last119,DATA200,A,99
student120@mycsu.edu,First120,Last120,DATA200,A,60
student121@mycsu.edu,First121,Last121,DATA200,A,61
student122@mycsu.edu,First122,Last122,DATA200,A,62
student123@mycsu.edu,First123,Last123,DATA200,A,63
student124@mycsu.edu,First124,Last124,DATA200,A,64
student125@mycsu.edu,First125,Last125,DATA200,A,65
student126@mycsu.edu,First126,Last126,DATA200,A,66
student127@mycsu.edu,First127,Last127,DATA200,A,67
student128@mycsu.edu,First128,Last128,DATA200,A,68
student129@mycsu.edu,First129,Last129,DATA200,A,69
student130@mycsu.edu,First130,Last130,DATA200,A,70
student131@mycsu.edu,First131,Last131,DATA200,A,71
student132@mycsu.edu,First132,Last132,DATA200,A,72
student133@mycsu.edu,First133,Last133,DATA200,A,73
student134@mycsu.edu,First134,Last134,DATA200,A,74
student135@mycsu.edu,First135,Last135,DATA200,A,75
student136@mycsu.edu,First136,Last136,DATA200,A,76
student137@mycsu.edu,First137,Last137,DATA200,A,77
student138@mycsu.edu,First138,Last138,DATA200,A,78
student139@mycsu.edu,First139,Last139,DATA200,A,79
student140@mycsu.edu,First140,Last140,DATA200,A,80
student141@mycsu.edu,First141,Last141,DATA200,A,81
student142@mycsu.edu,First142,Last142,DATA200,A,82
student143@mycsu.edu,First143,Last143,DATA200,A,83
student144@mycsu.edu,First144,Last144,DATA200,A,84
student145@mycsu.edu,First145,Last145,DATA200,A,85
student146@mycsu.edu,First146,Last146,DATA200,A,86
student147@mycsu.edu,First147,Last147,DATA200,A,87
student148@mycsu.edu,First148,Last148,DATA200,A,88
student149@mycsu.edu,First149,Last149,DATA200,A,89
student150@mycsu.edu,First150,Last150,DATA200,A,90
student151@mycsu.edu,First151,Last151,DATA200,A,91
student152@mycsu.edu,First152,Last152,DATA200,A,92
student153@mycsu.edu,First153,Last153,DATA200,A,93
student154@mycsu.edu,First154,Last154,DATA200,A,94
student155@mycsu.edu,First155,Last155,DATA200,A,95
student156@mycsu.edu,First156,Last156,DATA200,A,96
student157@mycsu.edu,First157,Last157,DATA200,A,97
student158@mycsu.edu,First158,Last158,DATA200,A,98
student159@mycsu.edu,First159,Last159,DATA200,A,99
student160@mycsu.edu,First160,Last160,DATA200,A,60
student161@mycsu.edu,First161,Last161,DATA200,A,61
student162@mycsu.edu,First162,Last162,DATA200,A,62
student163@mycsu.edu,First163,Last163,DATA200,A,63
student164@mycsu.edu,First164,Last164,DATA200,A,64
student165@mycsu.edu,First165,Last165,DATA200,A,65
student166@mycsu.edu,First166,Last166,DATA200,A,66
student167@mycsu.edu,First167,Last167,DATA200,A,67
student168@mycsu.edu,First168,Last168,DATA200,A,68
student169@mycsu.edu,First169,Last169,DATA200,A,69
student170@mycsu.edu,First170,Last170,DATA200,A,70
student171@mycsu.edu,First171,Last171,DATA200,A,71
student172@mycsu.edu,First172,Last172,DATA200,A,72
student173@mycsu.edu,First173,Last173,DATA200,A,73
student174@mycsu.edu,First174,Last174,DATA200,A,74
student175@mycsu.edu,First175,Last175,DATA200,A,75
student176@mycsu.edu,First176,Last176,DATA200,A,76
student177@mycsu.edu,First177,Last177,DATA200,A,77
student178@mycsu.edu,First178,Last178,DATA200,A,78
student179@mycsu.edu,First179,Last179,DATA200,A,79
student180@mycsu.edu,First180,Last180,DATA200,A,80
student181@mycsu.edu,First181,Last181,DATA200,A,81
student182@mycsu.edu,First182,Last182,DATA200,A,82
student183@mycsu.edu,First183,Last183,DATA200,A,83
student184@mycsu.edu,First184,Last184,DATA200,A,84
student185@mycsu.edu,First185,Last185,DATA200,A,85
student186@mycsu.edu,First186,Last186,DATA200,A,86
student187@mycsu.edu,First187,Last187,DATA200,A,87
student188@mycsu.edu,First188,Last188,DATA200,A,88
student189@mycsu.edu,First189,Last189,DATA200,A,89
student190@mycsu.edu,First190,Last190,DATA200,A,90
student191@mycsu.edu,First191,Last191,DATA200,A,91
student192@mycsu.edu,First192,Last192,DATA200,A,92
student193@mycsu.edu,First193,Last193,DATA200,A,93
student194@mycsu.edu,First194,Last194,DATA200,A,94
student195@mycsu.edu,First195,Last195,DATA200,A,95
student196@mycsu.edu,First196,Last196,DATA200,A,96
student197@mycsu.edu,First197,Last197,DATA200,A,97
student198@mycsu.edu,First198,Last198,DATA200,A,98
student199@mycsu.edu,First199,Last199,DATA200,A,99
student200@mycsu.edu,First200,Last200,DATA200,A,60
student201@mycsu.edu,First201,Last201,DATA200,A,61
student202@mycsu.edu,First202,Last202,DATA200,A,62
student203@mycsu.edu,First203,Last203,DATA200,A,63
student204@mycsu.edu,First204,Last204,DATA200,A,64
student205@mycsu.edu,First205,Last205,DATA200,A,65
student206@mycsu.edu,First206,Last206,DATA200,A,66
student207@mycsu.edu,First207,Last207,DATA200,A,67
student208@mycsu.edu,First208,Last208,DATA200,A,68
student209@mycsu.edu,First209,Last209,DATA200,A,69
student210@mycsu.edu,First210,Last210,DATA200,A,70
student211@mycsu.edu,First211,Last211,DATA200,A,71
student212@mycsu.edu,First212,Last212,DATA200,A,72
student213@mycsu.edu,First213,Last213,DATA200,A,73
student214@mycsu.edu,First214,Last214,DATA200,A,74
student215@mycsu.edu,First215,Last215,DATA200,A,75
student216@mycsu.edu,First216,Last216,DATA200,A,76
student217@mycsu.edu,First217,Last217,DATA200,A,77
student218@mycsu.edu,First218,Last218,DATA200,A,78
student219@mycsu.edu,First219,Last219,DATA200,A,79
student220@mycsu.edu,First220,Last220,DATA200,A,80
student221@mycsu.edu,First221,Last221,DATA200,A,81
student222@mycsu.edu,First222,Last222,DATA200,A,82
student223@mycsu.edu,First223,Last223,DATA200,A,83
student224@mycsu.edu,First224,Last224,DATA200,A,84
student225@mycsu.edu,First225,Last225,DATA200,A,85
student226@mycsu.edu,First226,Last226,DATA200,A,86
student227@mycsu.edu,First227,Last227,DATA200,A,87
student228@mycsu.edu,First228,Last228,DATA200,A,88
student229@mycsu.edu,First229,Last229,DATA200,A,89
student230@mycsu.edu,First230,Last230,DATA200,A,90
student231@mycsu.edu,First231,Last231,DATA200,A,91
student232@mycsu.edu,First232,Last232,DATA200,A,92
student233@mycsu.edu,First233,Last233,DATA200,A,93
student234@mycsu.edu,First234,Last234,DATA200,A,94
student235@mycsu.edu,First235,Last235,DATA200,A,95
student236@mycsu.edu,First236,Last236,DATA200,A,96
student237@mycsu.edu,First237,Last237,DATA200,A,97
student238@mycsu.edu,First238,Last238,DATA200,A,98
student239@mycsu.edu,First239,Last239,DATA200,A,99
student240@mycsu.edu,First240,Last240,DATA200,A,60
student241@mycsu.edu,First241,Last241,DATA200,A,61
student242@mycsu.edu,First242,Last242,DATA200,A,62
student243@mycsu.edu,First243,Last243,DATA200,A,63
student244@mycsu.edu,First244,Last244,DATA200,A,64
student245@mycsu.edu,First245,Last245,DATA200,A,65
student246@mycsu.edu,First246,Last246,DATA200,A,66
student247@mycsu.edu,First247,Last247,DATA200,A,67
student248@mycsu.edu,First248,Last248,DATA200,A,68
student249@mycsu.edu,First249,Last249,DATA200,A,69
student250@mycsu.edu,First250,Last250,DATA200,A,70
student251@mycsu.edu,First251,Last251,DATA200,A,71
student252@mycsu.edu,First252,Last252,DATA200,A,72
student253@mycsu.edu,First253,Last253,DATA200,A,73
student254@mycsu.edu,First254,Last254,DATA200,A,74
student255@mycsu.edu,First255,Last255,DATA200,A,75
student256@mycsu.edu,First256,Last256,DATA200,A,76
student257@mycsu.edu,First257,Last257,DATA200,A,77
student258@mycsu.edu,First258,Last258,DATA200,A,78
student259@mycsu.edu,First259,Last259,DATA200,A,79
student260@mycsu.edu,First260,Last260,DATA200,A,80
student261@mycsu.edu,First261,Last261,DATA200,A,81
student262@mycsu.edu,First262,Last262,DATA200,A,82
student263@mycsu.edu,First263,Last263,DATA200,A,83
student264@mycsu.edu,First264,Last264,DATA200,A,84
student265@mycsu.edu,First265,Last265,DATA200,A,85
student266@mycsu.edu,First266,Last266,DATA200,A,86
student267@mycsu.edu,First267,Last267,DATA200,A,87
student268@mycsu.edu,First268,Last268,DATA200,A,88
student269@mycsu.edu,First269,Last269,DATA200,A,89
student270@mycsu.edu,First270,Last270,DATA200,A,90
student271@mycsu.edu,First271,Last271,DATA200,A,91
student272@mycsu.edu,First272,Last272,DATA200,A,92
student273@mycsu.edu,First273,Last273,DATA200,A,93
student274@mycsu.edu,First274,Last274,DATA200,A,94
student275@mycsu.edu,First275,Last275,DATA200,A,95
student276@mycsu.edu,First276,Last276,DATA200,A,96
student277@mycsu.edu,First277,Last277,DATA200,A,97
student278@mycsu.edu,First278,Last278,DATA200,A,98
student279@mycsu.edu,First279,Last279,DATA200,A,99
student280@mycsu.edu,First280,Last280,DATA200,A,60
student281@mycsu.edu,First281,Last281,DATA200,A,61
student282@mycsu.edu,First282,Last282,DATA200,A,62
student283@mycsu.edu,First283,Last283,DATA200,A,63
student284@mycsu.edu,First284,Last284,DATA200,A,64
student285@mycsu.edu,First285,Last285,DATA200,A,65
student286@mycsu.edu,First286,Last286,DATA200,A,66
student287@mycsu.edu,First287,Last287,DATA200,A,67
student288@mycsu.edu,First288,Last288,DATA200,A,68
student289@mycsu.edu,First289,Last289,DATA200,A,69
student290@mycsu.edu,First290,Last290,DATA200,A,70
student291@mycsu.edu,First291,Last291,DATA200,A,71
student292@mycsu.edu,First292,Last292,DATA200,A,72
student293@mycsu.edu,First293,Last293,DATA200,A,73
student294@mycsu.edu,First294,Last294,DATA200,A,74
student295@mycsu.edu,First295,Last295,DATA200,A,75
student296@mycsu.edu,First296,Last296,DATA200,A,76
student297@mycsu.edu,First297,Last297,DATA200,A,77
student298@mycsu.edu,First298,Last298,DATA200,A,78
student299@mycsu.edu,First299,Last299,DATA200,A,79
student300@mycsu.edu,First300,Last300,DATA200,A,80
student301@mycsu.edu,First301,Last301,DATA200,A,81
student302@mycsu.edu,First302,Last302,DATA200,A,82
student303@mycsu.edu,First303,Last303,DATA200,A,83
student304@mycsu.edu,First304,Last304,DATA200,A,84
student305@mycsu.edu,First305,Last305,DATA200,A,85
student306@mycsu.edu,First306,Last306,DATA200,A,86
student307@mycsu.edu,First307,Last307,DATA200,A,87
student308@mycsu.edu,First308,Last308,DATA200,A,88
student309@mycsu.edu,First309,Last309,DATA200,A,89
student310@mycsu.edu,First310,Last310,DATA200,A,90
student311@mycsu.edu,First311,Last311,DATA200,A,91
student312@mycsu.edu,First312,Last312,DATA200,A,92
student313@mycsu.edu,First313,Last313,DATA200,A,93
student314@mycsu.edu,First314,Last314,DATA200,A,94
student315@mycsu.edu,First315,Last315,DATA200,A,95
student316@mycsu.edu,First316,Last316,DATA200,A,96
student317@mycsu.edu,First317,Last317,DATA200,A,97
student318@mycsu.edu,First318,Last318,DATA200,A,98
student319@mycsu.edu,First319,Last319,DATA200,A,99
student320@mycsu.edu,First320,Last320,DATA200,A,60
student321@mycsu.edu,First321,Last321,DATA200,A,61
student322@mycsu.edu,First322,Last322,DATA200,A,62
student323@mycsu.edu,First323,Last323,DATA200,A,63
student324@mycsu.edu,First324,Last324,DATA200,A,64
student325@mycsu.edu,First325,Last325,DATA200,A,65
student326@mycsu.edu,First326,Last326,DATA200,A,66
student327@mycsu.edu,First327,Last327,DATA200,A,67
student328@mycsu.edu,First328,Last328,DATA200,A,68
student329@mycsu.edu,First329,Last329,DATA200,A,69
student330@mycsu.edu,First330,Last330,DATA200,A,70
student331@mycsu.edu,First331,Last331,DATA200,A,71
student332@mycsu.edu,First332,Last332,DATA200,A,72
student333@mycsu.edu,First333,Last333,DATA200,A,73
student334@mycsu.edu,First334,Last334,DATA200,A,74
student335@mycsu.edu,First335,Last335,DATA200,A,75
student336@mycsu.edu,First336,Last336,DATA200,A,76
student337@mycsu.edu,First337,Last337,DATA200,A,77
student338@mycsu.edu,First338,Last338,DATA200,A,78
student339@mycsu.edu,First339,Last339,DATA200,A,79
student340@mycsu.edu,First340,Last340,DATA200,A,80
student341@mycsu.edu,First341,Last341,DATA200,A,81
student342@mycsu.edu,First342,Last342,DATA200,A,82
student343@mycsu.edu,First343,Last343,DATA200,A,83
student344@mycsu.edu,First344,Last344,DATA200,A,84
student345@mycsu.edu,First345,Last345,DATA200,A,85
student346@mycsu.edu,First346,Last346,DATA200,A,86
student347@mycsu.edu,First347,Last347,DATA200,A,87
student348@mycsu.edu,First348,Last348,DATA200,A,88
student349@mycsu.edu,First349,Last349,DATA200,A,89
student350@mycsu.edu,First350,Last350,DATA200,A,90
student351@mycsu.edu,First351,Last351,DATA200,A,91
student352@mycsu.edu,First352,Last352,DATA200,A,92
student353@mycsu.edu,First353,Last353,DATA200,A,93
student354@mycsu.edu,First354,Last354,DATA200,A,94
student355@mycsu.edu,First355,Last355,DATA200,A,95
student356@mycsu.edu,First356,Last356,DATA200,A,96
student357@mycsu.edu,First357,Last357,DATA200,A,97
student358@mycsu.edu,First358,Last358,DATA200,A,98
student359@mycsu.edu,First359,Last359,DATA200,A,99
student360@mycsu.edu,First360,Last360,DATA200,A,60
student361@mycsu.edu,First361,Last361,DATA200,A,61
student362@mycsu.edu,First362,Last362,DATA200,A,62
student363@mycsu.edu,First363,Last363,DATA200,A,63
student364@mycsu.edu,First364,Last364,DATA200,A,64
student365@mycsu.edu,First365,Last365,DATA200,A,65
student366@mycsu.edu,First366,Last366,DATA200,A,66
student367@mycsu.edu,First367,Last367,DATA200,A,67
student368@mycsu.edu,First368,Last368,DATA200,A,68
student369@mycsu.edu,First369,Last369,DATA200,A,69
student370@mycsu.edu,First370,Last370,DATA200,A,70
student371@mycsu.edu,First371,Last371,DATA200,A,71
student372@mycsu.edu,First372,Last372,DATA200,A,72
student373@mycsu.edu,First373,Last373,DATA200,A,73
student374@mycsu.edu,First374,Last374,DATA200,A,74
student375@mycsu.edu,First375,Last375,DATA200,A,75
student376@mycsu.edu,First376,Last376,DATA200,A,76
student377@mycsu.edu,First377,Last377,DATA200,A,77
student378@mycsu.edu,First378,Last378,DATA200,A,78
student379@mycsu.edu,First379,Last379,DATA200,A,79
student380@mycsu.edu,First380,Last380,DATA200,A,80
student381@mycsu.edu,First381,Last381,DATA200,A,81
student382@mycsu.edu,First382,Last382,DATA200,A,82
student383@mycsu.edu,First383,Last383,DATA200,A,83
student384@mycsu.edu,First384,Last384,DATA200,A,84
student385@mycsu.edu,First385,Last385,DATA200,A,85
student386@mycsu.edu,First386,Last386,DATA200,A,86
student387@mycsu.edu,First387,Last387,DATA200,A,87
student388@mycsu.edu,First388,Last388,DATA200,A,88
student389@mycsu.edu,First389,Last389,DATA200,A,89
student390@mycsu.edu,First390,Last390,DATA200,A,90
student391@mycsu.edu,First391,Last391,DATA200,A,91
student392@mycsu.edu,First392,Last392,DATA200,A,92
student393@mycsu.edu,First393,Last393,DATA200,A,93
student394@mycsu.edu,First394,Last394,DATA200,A,94
student395@mycsu.edu,First395,Last395,DATA200,A,95
student396@mycsu.edu,First396,Last396,DATA200,A,96
student397@mycsu.edu,First397,Last397,DATA200,A,97
student398@mycsu.edu,First398,Last398,DATA200,A,98
student399@mycsu.edu,First399,Last399,DATA200,A,99
student400@mycsu.edu,First400,Last400,DATA200,A,60
student401@mycsu.edu,First401,Last401,DATA200,A,61
student402@mycsu.edu,First402,Last402,DATA200,A,62
student403@mycsu.edu,First403,Last403,DATA200,A,63
student404@mycsu.edu,First404,Last404,DATA200,A,64
student405@mycsu.edu,First405,Last405,DATA200,A,65
student406@mycsu.edu,First406,Last406,DATA200,A,66
student407@mycsu.edu,First407,Last407,DATA200,A,67
student408@mycsu.edu,First408,Last408,DATA200,A,68
student409@mycsu.edu,First409,Last409,DATA200,A,69
student410@mycsu.edu,First410,Last410,DATA200,A,70
student411@mycsu.edu,First411,Last411,DATA200,A,71
student412@mycsu.edu,First412,Last412,DATA200,A,72
student413@mycsu.edu,First413,Last413,DATA200,A,73
student414@mycsu.edu,First414,Last414,DATA200,A,74
student415@mycsu.edu,First415,Last415,DATA200,A,75
student416@mycsu.edu,First416,Last416,DATA200,A,76
student417@mycsu.edu,First417,Last417,DATA200,A,77
student418@mycsu.edu,First418,Last418,DATA200,A,78
student419@mycsu.edu,First419,Last419,DATA200,A,79
student420@mycsu.edu,First420,Last420,DATA200,A,80
student421@mycsu.edu,First421,Last421,DATA200,A,81
student422@mycsu.edu,First422,Last422,DATA200,A,82
student423@mycsu.edu,First423,Last423,DATA200,A,83
student424@mycsu.edu,First424,Last424,DATA200,A,84
student425@mycsu.edu,First425,Last425,DATA200,A,85
student426@mycsu.edu,First426,Last426,DATA200,A,86
student427@mycsu.edu,First427,Last427,DATA200,A,87
student428@mycsu.edu,First428,Last428,DATA200,A,88
student429@mycsu.edu,First429,Last429,DATA200,A,89
student430@mycsu.edu,First430,Last430,DATA200,A,90
student431@mycsu.edu,First431,Last431,DATA200,A,91
student432@mycsu.edu,First432,Last432,DATA200,A,92
student433@mycsu.edu,First433,Last433,DATA200,A,93
student434@mycsu.edu,First434,Last434,DATA200,A,94
student435@mycsu.edu,First435,Last435,DATA200,A,95
student436@mycsu.edu,First436,Last436,DATA200,A,96
student437@mycsu.edu,First437,Last437,DATA200,A,97
student438@mycsu.edu,First438,Last438,DATA200,A,98
student439@mycsu.edu,First439,Last439,DATA200,A,99
student440@mycsu.edu,First440,Last440,DATA200,A,60
student441@mycsu.edu,First441,Last441,DATA200,A,61
student442@mycsu.edu,First442,Last442,DATA200,A,62
student443@mycsu.edu,First443,Last443,DATA200,A,63
student444@mycsu.edu,First444,Last444,DATA200,A,64
student445@mycsu.edu,First445,Last445,DATA200,A,65
student446@mycsu.edu,First446,Last446,DATA200,A,66
student447@mycsu.edu,First447,Last447,DATA200,A,67
student448@mycsu.edu,First448,Last448,DATA200,A,68
student449@mycsu.edu,First449,Last449,DATA200,A,69
student450@mycsu.edu,First450,Last450,DATA200,A,70
student451@mycsu.edu,First451,Last451,DATA200,A,71
student452@mycsu.edu,First452,Last452,DATA200,A,72
student453@mycsu.edu,First453,Last453,DATA200,A,73
student454@mycsu.edu,First454,Last454,DATA200,A,74
student455@mycsu.edu,First455,Last455,DATA200,A,75
student456@mycsu.edu,First456,Last456,DATA200,A,76
student457@mycsu.edu,First457,Last457,DATA200,A,77
student458@mycsu.edu,First458,Last458,DATA200,A,78
student459@mycsu.edu,First459,Last459,DATA200,A,79
student460@mycsu.edu,First460,Last460,DATA200,A,80
student461@mycsu.edu,First461,Last461,DATA200,A,81
student462@mycsu.edu,First462,Last462,DATA200,A,82
student463@mycsu.edu,First463,Last463,DATA200,A,83
student464@mycsu.edu,First464,Last464,DATA200,A,84
student465@mycsu.edu,First465,Last465,DATA200,A,85
student466@mycsu.edu,First466,Last466,DATA200,A,86
student467@mycsu.edu,First467,Last467,DATA200,A,87
student468@mycsu.edu,First468,Last468,DATA200,A,88
student469@mycsu.edu,First469,Last469,DATA200,A,89
student470@mycsu.edu,First470,Last470,DATA200,A,90
student471@mycsu.edu,First471,Last471,DATA200,A,91
student472@mycsu.edu,First472,Last472,DATA200,A,92
student473@mycsu.edu,First473,Last473,DATA200,A,93
student474@mycsu.edu,First474,Last474,DATA200,A,94
student475@mycsu.edu,First475,Last475,DATA200,A,95
student476@mycsu.edu,First476,Last476,DATA200,A,96
student477@mycsu.edu,First477,Last477,DATA200,A,97
student478@mycsu.edu,First478,Last478,DATA200,A,98
student479@mycsu.edu,First479,Last479,DATA200,A,99
student480@mycsu.edu,First480,Last480,DATA200,A,60
student481@mycsu.edu,First481,Last481,DATA200,A,61
student482@mycsu.edu,First482,Last482,DATA200,A,62
student483@mycsu.edu,First483,Last483,DATA200,A,63
student484@mycsu.edu,First484,Last484,DATA200,A,64
student485@mycsu.edu,First485,Last485,DATA200,A,65
student486@mycsu.edu,First486,Last486,DATA200,A,66
student487@mycsu.edu,First487,Last487,DATA200,A,67
student488@mycsu.edu,First488,Last488,DATA200,A,68
student489@mycsu.edu,First489,Last489,DATA200,A,69
student490@mycsu.edu,First490,Last490,DATA200,A,70
student491@mycsu.edu,First491,Last491,DATA200,A,71
student492@mycsu.edu,First492,Last492,DATA200,A,72
student493@mycsu.edu,First493,Last493,DATA200,A,73
student494@mycsu.edu,First494,Last494,DATA200,A,74
student495@mycsu.edu,First495,Last495,DATA200,A,75
student496@mycsu.edu,First496,Last496,DATA200,A,76
student497@mycsu.edu,First497,Last497,DATA200,A,77
student498@mycsu.edu,First498,Last498,DATA200,A,78
student499@mycsu.edu,First499,Last499,DATA200,A,79
student500@mycsu.edu,First500,Last500,DATA200,A,80
student501@mycsu.edu,First501,Last501,DATA200,A,81
student502@mycsu.edu,First502,Last502,DATA200,A,82
student503@mycsu.edu,First503,Last503,DATA200,A,83
student504@mycsu.edu,First504,Last504,DATA200,A,84
student505@mycsu.edu,First505,Last505,DATA200,A,85
student506@mycsu.edu,First506,Last506,DATA200,A,86
student507@mycsu.edu,First507,Last507,DATA200,A,87
student508@mycsu.edu,First508,Last508,DATA200,A,88
student509@mycsu.edu,First509,Last509,DATA200,A,89
student510@mycsu.edu,First510,Last510,DATA200,A,90
student511@mycsu.edu,First511,Last511,DATA200,A,91
student512@mycsu.edu,First512,Last512,DATA200,A,92
student513@mycsu.edu,First513,Last513,DATA200,A,93
student514@mycsu.edu,First514,Last514,DATA200,A,94
student515@mycsu.edu,First515,Last515,DATA200,A,95
student516@mycsu.edu,First516,Last516,DATA200,A,96
student517@mycsu.edu,First517,Last517,DATA200,A,97
student518@mycsu.edu,First518,Last518,DATA200,A,98
student519@mycsu.edu,First519,Last519,DATA200,A,99
student520@mycsu.edu,First520,Last520,DATA200,A,60
student521@mycsu.edu,First521,Last521,DATA200,A,61
student522@mycsu.edu,First522,Last522,DATA200,A,62
student523@mycsu.edu,First523,Last523,DATA200,A,63
student524@mycsu.edu,First524,Last524,DATA200,A,64
student525@mycsu.edu,First525,Last525,DATA200,A,65
student526@mycsu.edu,First526,Last526,DATA200,A,66
student527@mycsu.edu,First527,Last527,DATA200,A,67
student528@mycsu.edu,First528,Last528,DATA200,A,68
student529@mycsu.edu,First529,Last529,DATA200,A,69
student530@mycsu.edu,First530,Last530,DATA200,A,70
student531@mycsu.edu,First531,Last531,DATA200,A,71
student532@mycsu.edu,First532,Last532,DATA200,A,72
student533@mycsu.edu,First533,Last533,DATA200,A,73
student534@mycsu.edu,First534,Last534,DATA200,A,74
student535@mycsu.edu,First535,Last535,DATA200,A,75
student536@mycsu.edu,First536,Last536,DATA200,A,76
student537@mycsu.edu,First537,Last537,DATA200,A,77
student538@mycsu.edu,First538,Last538,DATA200,A,78
student539@mycsu.edu,First539,Last539,DATA200,A,79
student540@mycsu.edu,First540,Last540,DATA200,A,80
student541@mycsu.edu,First541,Last541,DATA200,A,81
student542@mycsu.edu,First542,Last542,DATA200,A,82
student543@mycsu.edu,First543,Last543,DATA200,A,83
student544@mycsu.edu,First544,Last544,DATA200,A,84
student545@mycsu.edu,First545,Last545,DATA200,A,85
student546@mycsu.edu,First546,Last546,DATA200,A,86
student547@mycsu.edu,First547,Last547,DATA200,A,87
student548@mycsu.edu,First548,Last548,DATA200,A,88
student549@mycsu.edu,First549,Last549,DATA200,A,89
student550@mycsu.edu,First550,Last550,DATA200,A,90
student551@mycsu.edu,First551,Last551,DATA200,A,91
student552@mycsu.edu,First552,Last552,DATA200,A,92
student553@mycsu.edu,First553,Last553,DATA200,A,93
student554@mycsu.edu,First554,Last554,DATA200,A,94
student555@mycsu.edu,First555,Last555,DATA200,A,95
student556@mycsu.edu,First556,Last556,DATA200,A,96
student557@mycsu.edu,First557,Last557,DATA200,A,97
student558@mycsu.edu,First558,Last558,DATA200,A,98
student559@mycsu.edu,First559,Last559,DATA200,A,99
student560@mycsu.edu,First560,Last560,DATA200,A,60
student561@mycsu.edu,First561,Last561,DATA200,A,61
student562@mycsu.edu,First562,Last562,DATA200,A,62
student563@mycsu.edu,First563,Last563,DATA200,A,63
student564@mycsu.edu,First564,Last564,DATA200,A,64
student565@mycsu.edu,First565,Last565,DATA200,A,65
student566@mycsu.edu,First566,Last566,DATA200,A,66
student567@mycsu.edu,First567,Last567,DATA200,A,67
student568@mycsu.edu,First568,Last568,DATA200,A,68
student569@mycsu.edu,First569,Last569,DATA200,A,69
student570@mycsu.edu,First570,Last570,DATA200,A,70
student571@mycsu.edu,First571,Last571,DATA200,A,71
student572@mycsu.edu,First572,Last572,DATA200,A,72
student573@mycsu.edu,First573,Last573,DATA200,A,73
student574@mycsu.edu,First574,Last574,DATA200,A,74
student575@mycsu.edu,First575,Last575,DATA200,A,75
student576@mycsu.edu,First576,Last576,DATA200,A,76
student577@mycsu.edu,First577,Last577,DATA200,A,77
student578@mycsu.edu,First578,Last578,DATA200,A,78
student579@mycsu.edu,First579,Last579,DATA200,A,79
student580@mycsu.edu,First580,Last580,DATA200,A,80
student581@mycsu.edu,First581,Last581,DATA200,A,81
student582@mycsu.edu,First582,Last582,DATA200,A,82
student583@mycsu.edu,First583,Last583,DATA200,A,83
student584@mycsu.edu,First584,Last584,DATA200,A,84
student585@mycsu.edu,First585,Last585,DATA200,A,85
student586@mycsu.edu,First586,Last586,DATA200,A,86
student587@mycsu.edu,First587,Last587,DATA200,A,87
student588@mycsu.edu,First588,Last588,DATA200,A,88
student589@mycsu.edu,First589,Last589,DATA200,A,89
student590@mycsu.edu,First590,Last590,DATA200,A,90
student591@mycsu.edu,First591,Last591,DATA200,A,91
student592@mycsu.edu,First592,Last592,DATA200,A,92
student593@mycsu.edu,First593,Last593,DATA200,A,93
student594@mycsu.edu,First594,Last594,DATA200,A,94
student595@mycsu.edu,First595,Last595,DATA200,A,95
student596@mycsu.edu,First596,Last596,DATA200,A,96
student597@mycsu.edu,First597,Last597,DATA200,A,97
student598@mycsu.edu,First598,Last598,DATA200,A,98
student599@mycsu.edu,First599,Last599,DATA200,A,99
student600@mycsu.edu,First600,Last600,DATA200,A,60
student601@mycsu.edu,First601,Last601,DATA200,A,61
student602@mycsu.edu,First602,Last602,DATA200,A,62
student603@mycsu.edu,First603,Last603,DATA200,A,63
student604@mycsu.edu,First604,Last604,DATA200,A,64
student605@mycsu.edu,First605,Last605,DATA200,A,65
student606@mycsu.edu,First606,Last606,DATA200,A,66
student607@mycsu.edu,First607,Last607,DATA200,A,67
student608@mycsu.edu,First608,Last608,DATA200,A,68
student609@mycsu.edu,First609,Last609,DATA200,A,69
student610@mycsu.edu,First610,Last610,DATA200,A,70
student611@mycsu.edu,First611,Last611,DATA200,A,71
student612@mycsu.edu,First612,Last612,DATA200,A,72
student613@mycsu.edu,First613,Last613,DATA200,A,73
student614@mycsu.edu,First614,Last614,DATA200,A,74
student615@mycsu.edu,First615,Last615,DATA200,A,75
student616@mycsu.edu,First616,Last616,DATA200,A,76
student617@mycsu.edu,First617,Last617,DATA200,A,77
student618@mycsu.edu,First618,Last618,DATA200,A,78
student619@mycsu.edu,First619,Last619,DATA200,A,79
student620@mycsu.edu,First620,Last620,DATA200,A,80
student621@mycsu.edu,First621,Last621,DATA200,A,81
student622@mycsu.edu,First622,Last622,DATA200,A,82
student623@mycsu.edu,First623,Last623,DATA200,A,83
student624@mycsu.edu,First624,Last624,DATA200,A,84
student625@mycsu.edu,First625,Last625,DATA200,A,85
student626@mycsu.edu,First626,Last626,DATA200,A,86
student627@mycsu.edu,First627,Last627,DATA200,A,87
student628@mycsu.edu,First628,Last628,DATA200,A,88
student629@mycsu.edu,First629,Last629,DATA200,A,89
student630@mycsu.edu,First630,Last630,DATA200,A,90
student631@mycsu.edu,First631,Last631,DATA200,A,91
student632@mycsu.edu,First632,Last632,DATA200,A,92
student633@mycsu.edu,First633,Last633,DATA200,A,93
student634@mycsu.edu,First634,Last634,DATA200,A,94
student635@mycsu.edu,First635,Last635,DATA200,A,95
student636@mycsu.edu,First636,Last636,DATA200,A,96
student637@mycsu.edu,First637,Last637,DATA200,A,97
student638@mycsu.edu,First638,Last638,DATA200,A,98
student639@mycsu.edu,First639,Last639,DATA200,A,99
student640@mycsu.edu,First640,Last640,DATA200,A,60
student641@mycsu.edu,First641,Last641,DATA200,A,61
student642@mycsu.edu,First642,Last642,DATA200,A,62
student643@mycsu.edu,First643,Last643,DATA200,A,63
student644@mycsu.edu,First644,Last644,DATA200,A,64
student645@mycsu.edu,First645,Last645,DATA200,A,65
student646@mycsu.edu,First646,Last646,DATA200,A,66
student647@mycsu.edu,First647,Last647,DATA200,A,67
student648@mycsu.edu,First648,Last648,DATA200,A,68
student649@mycsu.edu,First649,Last649,DATA200,A,69
student650@mycsu.edu,First650,Last650,DATA200,A,70
student651@mycsu.edu,First651,Last651,DATA200,A,71
student652@mycsu.edu,First652,Last652,DATA200,A,72
student653@mycsu.edu,First653,Last653,DATA200,A,73
student654@mycsu.edu,First654,Last654,DATA200,A,74
student655@mycsu.edu,First655,Last655,DATA200,A,75
student656@mycsu.edu,First656,Last656,DATA200,A,76
student657@mycsu.edu,First657,Last657,DATA200,A,77
student658@mycsu.edu,First658,Last658,DATA200,A,78
student659@mycsu.edu,First659,Last659,DATA200,A,79
student660@mycsu.edu,First660,Last660,DATA200,A,80
student661@mycsu.edu,First661,Last661,DATA200,A,81
student662@mycsu.edu,First662,Last662,DATA200,A,82
student663@mycsu.edu,First663,Last663,DATA200,A,83
student664@mycsu.edu,First664,Last664,DATA200,A,84
student665@mycsu.edu,First665,Last665,DATA200,A,85
student666@mycsu.edu,First666,Last666,DATA200,A,86
student667@mycsu.edu,First667,Last667,DATA200,A,87
student668@mycsu.edu,First668,Last668,DATA200,A,88
student669@mycsu.edu,First669,Last669,DATA200,A,89
student670@mycsu.edu,First670,Last670,DATA200,A,90
student671@mycsu.edu,First671,Last671,DATA200,A,91
student672@mycsu.edu,First672,Last672,DATA200,A,92
student673@mycsu.edu,First673,Last673,DATA200,A,93
student674@mycsu.edu,First674,Last674,DATA200,A,94
student675@mycsu.edu,First675,Last675,DATA200,A,95
student676@mycsu.edu,First676,Last676,DATA200,A,96
student677@mycsu.edu,First677,Last677,DATA200,A,97
student678@mycsu.edu,First678,Last678,DATA200,A,98
student679@mycsu.edu,First679,Last679,DATA200,A,99
student680@mycsu.edu,First680,Last680,DATA200,A,60
student681@mycsu.edu,First681,Last681,DATA200,A,61
student682@mycsu.edu,First682,Last682,DATA200,A,62
student683@mycsu.edu,First683,Last683,DATA200,A,63
student684@mycsu.edu,First684,Last684,DATA200,A,64
student685@mycsu.edu,First685,Last685,DATA200,A,65
student686@mycsu.edu,First686,Last686,DATA200,A,66
student687@mycsu.edu,First687,Last687,DATA200,A,67
student688@mycsu.edu,First688,Last688,DATA200,A,68
student689@mycsu.edu,First689,Last689,DATA200,A,69
student690@mycsu.edu,First690,Last690,DATA200,A,70
student691@mycsu.edu,First691,Last691,DATA200,A,71
student692@mycsu.edu,First692,Last692,DATA200,A,72
student693@mycsu.edu,First693,Last693,DATA200,A,73
student694@mycsu.edu,First694,Last694,DATA200,A,74
student695@mycsu.edu,First695,Last695,DATA200,A,75
student696@mycsu.edu,First696,Last696,DATA200,A,76
student697@mycsu.edu,First697,Last697,DATA200,A,77
student698@mycsu.edu,First698,Last698,DATA200,A,78
student699@mycsu.edu,First699,Last699,DATA200,A,79
student700@mycsu.edu,First700,Last700,DATA200,A,80
student701@mycsu.edu,First701,Last701,DATA200,A,81
student702@mycsu.edu,First702,Last702,DATA200,A,82
student703@mycsu.edu,First703,Last703,DATA200,A,83
student704@mycsu.edu,First704,Last704,DATA200,A,84
student705@mycsu.edu,First705,Last705,DATA200,A,85
student706@mycsu.edu,First706,Last706,DATA200,A,86
student707@mycsu.edu,First707,Last707,DATA200,A,87
student708@mycsu.edu,First708,Last708,DATA200,A,88
student709@mycsu.edu,First709,Last709,DATA200,A,89
student710@mycsu.edu,First710,Last710,DATA200,A,90
student711@mycsu.edu,First711,Last711,DATA200,A,91
student712@mycsu.edu,First712,Last712,DATA200,A,92
student713@mycsu.edu,First713,Last713,DATA200,A,93
student714@mycsu.edu,First714,Last714,DATA200,A,94
student715@mycsu.edu,First715,Last715,DATA200,A,95
student716@mycsu.edu,First716,Last716,DATA200,A,96
student717@mycsu.edu,First717,Last717,DATA200,A,97
student718@mycsu.edu,First718,Last718,DATA200,A,98
student719@mycsu.edu,First719,Last719,DATA200,A,99
student720@mycsu.edu,First720,Last720,DATA200,A,60
student721@mycsu.edu,First721,Last721,DATA200,A,61
student722@mycsu.edu,First722,Last722,DATA200,A,62
student723@mycsu.edu,First723,Last723,DATA200,A,63
student724@mycsu.edu,First724,Last724,DATA200,A,64
student725@mycsu.edu,First725,Last725,DATA200,A,65
student726@mycsu.edu,First726,Last726,DATA200,A,66
student727@mycsu.edu,First727,Last727,DATA200,A,67
student728@mycsu.edu,First728,Last728,DATA200,A,68
student729@mycsu.edu,First729,Last729,DATA200,A,69
student730@mycsu.edu,First730,Last730,DATA200,A,70
student731@mycsu.edu,First731,Last731,DATA200,A,71
student732@mycsu.edu,First732,Last732,DATA200,A,72
student733@mycsu.edu,First733,Last733,DATA200,A,73
student734@mycsu.edu,First734,Last734,DATA200,A,74
student735@mycsu.edu,First735,Last735,DATA200,A,75
student736@mycsu.edu,First736,Last736,DATA200,A,76
student737@mycsu.edu,First737,Last737,DATA200,A,77
student738@mycsu.edu,First738,Last738,DATA200,A,78
student739@mycsu.edu,First739,Last739,DATA200,A,79
student740@mycsu.edu,First740,Last740,DATA200,A,80
student741@mycsu.edu,First741,Last741,DATA200,A,81
student742@mycsu.edu,First742,Last742,DATA200,A,82
student743@mycsu.edu,First743,Last743,DATA200,A,83
student744@mycsu.edu,First744,Last744,DATA200,A,84
student745@mycsu.edu,First745,Last745,DATA200,A,85
student746@mycsu.edu,First746,Last746,DATA200,A,86
student747@mycsu.edu,First747,Last747,DATA200,A,87
student748@mycsu.edu,First748,Last748,DATA200,A,88
student749@mycsu.edu,First749,Last749,DATA200,A,89
student750@mycsu.edu,First750,Last750,DATA200,A,90
student751@mycsu.edu,First751,Last751,DATA200,A,91
student752@mycsu.edu,First752,Last752,DATA200,A,92
student753@mycsu.edu,First753,Last753,DATA200,A,93
student754@mycsu.edu,First754,Last754,DATA200,A,94
student755@mycsu.edu,First755,Last755,DATA200,A,95
student756@mycsu.edu,First756,Last756,DATA200,A,96
student757@mycsu.edu,First757,Last757,DATA200,A,97
student758@mycsu.edu,First758,Last758,DATA200,A,98
student759@mycsu.edu,First759,Last759,DATA200,A,99
student760@mycsu.edu,First760,Last760,DATA200,A,60
student761@mycsu.edu,First761,Last761,DATA200,A,61
student762@mycsu.edu,First762,Last762,DATA200,A,62
student763@mycsu.edu,First763,Last763,DATA200,A,63
student764@mycsu.edu,First764,Last764,DATA200,A,64
student765@mycsu.edu,First765,Last765,DATA200,A,65
student766@mycsu.edu,First766,Last766,DATA200,A,66
student767@mycsu.edu,First767,Last767,DATA200,A,67
student768@mycsu.edu,First768,Last768,DATA200,A,68
student769@mycsu.edu,First769,Last769,DATA200,A,69
student770@mycsu.edu,First770,Last770,DATA200,A,70
student771@mycsu.edu,First771,Last771,DATA200,A,71
student772@mycsu.edu,First772,Last772,DATA200,A,72
student773@mycsu.edu,First773,Last773,DATA200,A,73
student774@mycsu.edu,First774,Last774,DATA200,A,74
student775@mycsu.edu,First775,Last775,DATA200,A,75
student776@mycsu.edu,First776,Last776,DATA200,A,76
student777@mycsu.edu,First777,Last777,DATA200,A,77
student778@mycsu.edu,First778,Last778,DATA200,A,78
student779@mycsu.edu,First779,Last779,DATA200,A,79
student780@mycsu.edu,First780,Last780,DATA200,A,80
student781@mycsu.edu,First781,Last781,DATA200,A,81
student782@mycsu.edu,First782,Last782,DATA200,A,82
student783@mycsu.edu,First783,Last783,DATA200,A,83
student784@mycsu.edu,First784,Last784,DATA200,A,84
student785@mycsu.edu,First785,Last785,DATA200,A,85
student786@mycsu.edu,First786,Last786,DATA200,A,86
student787@mycsu.edu,First787,Last787,DATA200,A,87
student788@mycsu.edu,First788,Last788,DATA200,A,88
student789@mycsu.edu,First789,Last789,DATA200,A,89
student790@mycsu.edu,First790,Last790,DATA200,A,90
student791@mycsu.edu,First791,Last791,DATA200,A,91
student792@mycsu.edu,First792,Last792,DATA200,A,92
student793@mycsu.edu,First793,Last793,DATA200,A,93
student794@mycsu.edu,First794,Last794,DATA200,A,94
student795@mycsu.edu,First795,Last795,DATA200,A,95
student796@mycsu.edu,First796,Last796,DATA200,A,96
student797@mycsu.edu,First797,Last797,DATA200,A,97
student798@mycsu.edu,First798,Last798,DATA200,A,98
student799@mycsu.edu,First799,Last799,DATA200,A,99
student800@mycsu.edu,First800,Last800,DATA200,A,60
student801@mycsu.edu,First801,Last801,DATA200,A,61
student802@mycsu.edu,First802,Last802,DATA200,A,62
student803@mycsu.edu,First803,Last803,DATA200,A,63
student804@mycsu.edu,First804,Last804,DATA200,A,64
student805@mycsu.edu,First805,Last805,DATA200,A,65
student806@mycsu.edu,First806,Last806,DATA200,A,66
student807@mycsu.edu,First807,Last807,DATA200,A,67
student808@mycsu.edu,First808,Last808,DATA200,A,68
student809@mycsu.edu,First809,Last809,DATA200,A,69
student810@mycsu.edu,First810,Last810,DATA200,A,70
student811@mycsu.edu,First811,Last811,DATA200,A,71
student812@mycsu.edu,First812,Last812,DATA200,A,72
student813@mycsu.edu,First813,Last813,DATA200,A,73
student814@mycsu.edu,First814,Last814,DATA200,A,74
student815@mycsu.edu,First815,Last815,DATA200,A,75
student816@mycsu.edu,First816,Last816,DATA200,A,76
student817@mycsu.edu,First817,Last817,DATA200,A,77
student818@mycsu.edu,First818,Last818,DATA200,A,78
student819@mycsu.edu,First819,Last819,DATA200,A,79
student820@mycsu.edu,First820,Last820,DATA200,A,80
student821@mycsu.edu,First821,Last821,DATA200,A,81
student822@mycsu.edu,First822,Last822,DATA200,A,82
student823@mycsu.edu,First823,Last823,DATA200,A,83
student824@mycsu.edu,First824,Last824,DATA200,A,84
student825@mycsu.edu,First825,Last825,DATA200,A,85
student826@mycsu.edu,First826,Last826,DATA200,A,86
student827@mycsu.edu,First827,Last827,DATA200,A,87
student828@mycsu.edu,First828,Last828,DATA200,A,88
student829@mycsu.edu,First829,Last829,DATA200,A,89
student830@mycsu.edu,First830,Last830,DATA200,A,90
student831@mycsu.edu,First831,Last831,DATA200,A,91
student832@mycsu.edu,First832,Last832,DATA200,A,92
student833@mycsu.edu,First833,Last833,DATA200,A,93
student834@mycsu.edu,First834,Last834,DATA200,A,94
student835@mycsu.edu,First835,Last835,DATA200,A,95
student836@mycsu.edu,First836,Last836,DATA200,A,96
student837@mycsu.edu,First837,Last837,DATA200,A,97
student838@mycsu.edu,First838,Last838,DATA200,A,98
student839@mycsu.edu,First839,Last839,DATA200,A,99
student840@mycsu.edu,First840,Last840,DATA200,A,60
student841@mycsu.edu,First841,Last841,DATA200,A,61
student842@mycsu.edu,First842,Last842,DATA200,A,62
student843@mycsu.edu,First843,Last843,DATA200,A,63
student844@mycsu.edu,First844,Last844,DATA200,A,64
student845@mycsu.edu,First845,Last845,DATA200,A,65
student846@mycsu.edu,First846,Last846,DATA200,A,66
student847@mycsu.edu,First847,Last847,DATA200,A,67
student848@mycsu.edu,First848,Last848,DATA200,A,68
student849@mycsu.edu,First849,Last849,DATA200,A,69
student850@mycsu.edu,First850,Last850,DATA200,A,70
student851@mycsu.edu,First851,Last851,DATA200,A,71
student852@mycsu.edu,First852,Last852,DATA200,A,72
student853@mycsu.edu,First853,Last853,DATA200,A,73
student854@mycsu.edu,First854,Last854,DATA200,A,74
student855@mycsu.edu,First855,Last855,DATA200,A,75
student856@mycsu.edu,First856,Last856,DATA200,A,76
student857@mycsu.edu,First857,Last857,DATA200,A,77
student858@mycsu.edu,First858,Last858,DATA200,A,78
student859@mycsu.edu,First859,Last859,DATA200,A,79
student860@mycsu.edu,First860,Last860,DATA200,A,80
student861@mycsu.edu,First861,Last861,DATA200,A,81
student862@mycsu.edu,First862,Last862,DATA200,A,82
student863@mycsu.edu,First863,Last863,DATA200,A,83
student864@mycsu.edu,First864,Last864,DATA200,A,84
student865@mycsu.edu,First865,Last865,DATA200,A,85
student866@mycsu.edu,First866,Last866,DATA200,A,86
student867@mycsu.edu,First867,Last867,DATA200,A,87
student868@mycsu.edu,First868,Last868,DATA200,A,88
student869@mycsu.edu,First869,Last869,DATA200,A,89
student870@mycsu.edu,First870,Last870,DATA200,A,90
student871@mycsu.edu,First871,Last871,DATA200,A,91
student872@mycsu.edu,First872,Last872,DATA200,A,92
student873@mycsu.edu,First873,Last873,DATA200,A,93
student874@mycsu.edu,First874,Last874,DATA200,A,94
student875@mycsu.edu,First875,Last875,DATA200,A,95
student876@mycsu.edu,First876,Last876,DATA200,A,96
student877@mycsu.edu,First877,Last877,DATA200,A,97
student878@mycsu.edu,First878,Last878,DATA200,A,98
student879@mycsu.edu,First879,Last879,DATA200,A,99
student880@mycsu.edu,First880,Last880,DATA200,A,60
student881@mycsu.edu,First881,Last881,DATA200,A,61
student882@mycsu.edu,First882,Last882,DATA200,A,62
student883@mycsu.edu,First883,Last883,DATA200,A,63
student884@mycsu.edu,First884,Last884,DATA200,A,64
student885@mycsu.edu,First885,Last885,DATA200,A,65
student886@mycsu.edu,First886,Last886,DATA200,A,66
student887@mycsu.edu,First887,Last887,DATA200,A,67
student888@mycsu.edu,First888,Last888,DATA200,A,68
student889@mycsu.edu,First889,Last889,DATA200,A,69
student890@mycsu.edu,First890,Last890,DATA200,A,70
student891@mycsu.edu,First891,Last891,DATA200,A,71
student892@mycsu.edu,First892,Last892,DATA200,A,72
student893@mycsu.edu,First893,Last893,DATA200,A,73
student894@mycsu.edu,First894,Last894,DATA200,A,74
student895@mycsu.edu,First895,Last895,DATA200,A,75
student896@mycsu.edu,First896,Last896,DATA200,A,76
student897@mycsu.edu,First897,Last897,DATA200,A,77
student898@mycsu.edu,First898,Last898,DATA200,A,78
student899@mycsu.edu,First899,Last899,DATA200,A,79
student900@mycsu.edu,First900,Last900,DATA200,A,80
student901@mycsu.edu,First901,Last901,DATA200,A,81
student902@mycsu.edu,First902,Last902,DATA200,A,82
student903@mycsu.edu,First903,Last903,DATA200,A,83
student904@mycsu.edu,First904,Last904,DATA200,A,84
student905@mycsu.edu,First905,Last905,DATA200,A,85
student906@mycsu.edu,First906,Last906,DATA200,A,86
student907@mycsu.edu,First907,Last907,DATA200,A,87
student908@mycsu.edu,First908,Last908,DATA200,A,88
student909@mycsu.edu,First909,Last909,DATA200,A,89
student910@mycsu.edu,First910,Last910,DATA200,A,90
student911@mycsu.edu,First911,Last911,DATA200,A,91
student912@mycsu.edu,First912,Last912,DATA200,A,92
student913@mycsu.edu,First913,Last913,DATA200,A,93
student914@mycsu.edu,First914,Last914,DATA200,A,94
student915@mycsu.edu,First915,Last915,DATA200,A,95
student916@mycsu.edu,First916,Last916,DATA200,A,96
student917@mycsu.edu,First917,Last917,DATA200,A,97
student918@mycsu.edu,First918,Last918,DATA200,A,98
student919@mycsu.edu,First919,Last919,DATA200,A,99
student920@mycsu.edu,First920,Last920,DATA200,A,60
student921@mycsu.edu,First921,Last921,DATA200,A,61
student922@mycsu.edu,First922,Last922,DATA200,A,62
student923@mycsu.edu,First923,Last923,DATA200,A,63
student924@mycsu.edu,First924,Last924,DATA200,A,64
student925@mycsu.edu,First925,Last925,DATA200,A,65
student926@mycsu.edu,First926,Last926,DATA200,A,66
student927@mycsu.edu,First927,Last927,DATA200,A,67
student928@mycsu.edu,First928,Last928,DATA200,A,68
student929@mycsu.edu,First929,Last929,DATA200,A,69
student930@mycsu.edu,First930,Last930,DATA200,A,70
student931@mycsu.edu,First931,Last931,DATA200,A,71
student932@mycsu.edu,First932,Last932,DATA200,A,72
student933@mycsu.edu,First933,Last933,DATA200,A,73
student934@mycsu.edu,First934,Last934,DATA200,A,74
student935@mycsu.edu,First935,Last935,DATA200,A,75
student936@mycsu.edu,First936,Last936,DATA200,A,76
student937@mycsu.edu,First937,Last937,DATA200,A,77
student938@mycsu.edu,First938,Last938,DATA200,A,78
student939@mycsu.edu,First939,Last939,DATA200,A,79
student940@mycsu.edu,First940,Last940,DATA200,A,80
student941@mycsu.edu,First941,Last941,DATA200,A,81
student942@mycsu.edu,First942,Last942,DATA200,A,82
student943@mycsu.edu,First943,Last943,DATA200,A,83
student944@mycsu.edu,First944,Last944,DATA200,A,84
student945@mycsu.edu,First945,Last945,DATA200,A,85
student946@mycsu.edu,First946,Last946,DATA200,A,86
student947@mycsu.edu,First947,Last947,DATA200,A,87
student948@mycsu.edu,First948,Last948,DATA200,A,88
student949@mycsu.edu,First949,Last949,DATA200,A,89
student950@mycsu.edu,First950,Last950,DATA200,A,90
student951@mycsu.edu,First951,Last951,DATA200,A,91
student952@mycsu.edu,First952,Last952,DATA200,A,92
student953@mycsu.edu,First953,Last953,DATA200,A,93
student954@mycsu.edu,First954,Last954,DATA200,A,94
student955@mycsu.edu,First955,Last955,DATA200,A,95
student956@mycsu.edu,First956,Last956,DATA200,A,96
student957@mycsu.edu,First957,Last957,DATA200,A,97
student958@mycsu.edu,First958,Last958,DATA200,A,98
student959@mycsu.edu,First959,Last959,DATA200,A,99
student960@mycsu.edu,First960,Last960,DATA200,A,60
student961@mycsu.edu,First961,Last961,DATA200,A,61
student962@mycsu.edu,First962,Last962,DATA200,A,62
student963@mycsu.edu,First963,Last963,DATA200,A,63
student964@mycsu.edu,First964,Last964,DATA200,A,64
student965@mycsu.edu,First965,Last965,DATA200,A,65
student966@mycsu.edu,First966,Last966,DATA200,A,66
student967@mycsu.edu,First967,Last967,DATA200,A,67
student968@mycsu.edu,First968,Last968,DATA200,A,68
student969@mycsu.edu,First969,Last969,DATA200,A,69
student970@mycsu.edu,First970,Last970,DATA200,A,70
student971@mycsu.edu,First971,Last971,DATA200,A,71
student972@mycsu.edu,First972,Last972,DATA200,A,72
student973@mycsu.edu,First973,Last973,DATA200,A,73
student974@mycsu.edu,First974,Last974,DATA200,A,74
student975@mycsu.edu,First975,Last975,DATA200,A,75
student976@mycsu.edu,First976,Last976,DATA200,A,76
student977@mycsu.edu,First977,Last977,DATA200,A,77
student978@mycsu.edu,First978,Last978,DATA200,A,78
student979@mycsu.edu,First979,Last979,DATA200,A,79
student980@mycsu.edu,First980,Last980,DATA200,A,80
student981@mycsu.edu,First981,Last981,DATA200,A,81
student982@mycsu.edu,First982,Last982,DATA200,A,82
student983@mycsu.edu,First983,Last983,DATA200,A,83
student984@mycsu.edu,First984,Last984,DATA200,A,84
student985@mycsu.edu,First985,Last985,DATA200,A,85
student986@mycsu.edu,First986,Last986,DATA200,A,86
student987@mycsu.edu,First987,Last987,DATA200,A,87
student988@mycsu.edu,First988,Last988,DATA200,A,88
student989@mycsu.edu,First989,Last989,DATA200,A,89
student990@mycsu.edu,First990,Last990,DATA200,A,90
student991@mycsu.edu,First991,Last991,DATA200,A,91
student992@mycsu.edu,First992,Last992,DATA200,A,92
student993@mycsu.edu,First993,Last993,DATA200,A,93
student994@mycsu.edu,First994,Last994,DATA200,A,94
student995@mycsu.edu,First995,Last995,DATA200,A,95
student996@mycsu.edu,First996,Last996,DATA200,A,96
student997@mycsu.edu,First997,Last997,DATA200,A,97
student998@mycsu.edu,First998,Last998,DATA200,A,98
student999@mycsu.edu,First999,Last999,DATA200,A,99
